{"inputs":[["9a00000000000000000000000000000000000000000000000000000000000000","7300000000000000000000000000000000000000000000000000000000000000","a601000000000000000000000000000000000000000000000000000000000000","0d01000000000000000000000000000000000000000000000000000000000000","4000000000000000000000000000000000000000000000000000000000000000"]],"pretty_elements":{"rescaled_inputs":[["1.203125","0.8984375","3.296875","2.1015625","0.5"]],"inputs":[["0x000000000000000000000000000000000000000000000000000000000000009a","0x0000000000000000000000000000000000000000000000000000000000000073","0x00000000000000000000000000000000000000000000000000000000000001a6","0x000000000000000000000000000000000000000000000000000000000000010d","0x0000000000000000000000000000000000000000000000000000000000000040"]],"processed_inputs":[],"processed_params":[],"processed_outputs":[],"rescaled_outputs":[["0.5078125"]],"outputs":[["0x0000000000000000000000000000000000000000000000000000000000000041"]]},"outputs":[["4100000000000000000000000000000000000000000000000000000000000000"]],"processed_inputs":null,"processed_params":null,"processed_outputs":null,"max_lookup_inputs":3,"min_lookup_inputs":0,"max_range_size":16383,"version":"21.0.4"}