{"inputs":[["800c000000000000000000000000000000000000000000000000000000000000"]],"pretty_elements":{"rescaled_inputs":[["25"]],"inputs":[["0x0000000000000000000000000000000000000000000000000000000000000c80"]],"processed_inputs":[],"processed_params":[],"processed_outputs":[],"rescaled_outputs":[["-1.546875","-0.3359375"]],"outputs":[["0x30644e72e131a029b85045b68181585d2833e84879b9709143e1f593efffff3b","0x30644e72e131a029b85045b68181585d2833e84879b9709143e1f593efffffd6"]]},"outputs":[["3bffffef93f5e1439170b97948e833285d588181b64550b829a031e1724e6430","d6ffffef93f5e1439170b97948e833285d588181b64550b829a031e1724e6430"]],"processed_inputs":null,"processed_params":null,"processed_outputs":null,"max_lookup_inputs":0,"min_lookup_inputs":0,"max_range_size":16383,"version":"21.0.4"}